{"timestamp": 1777213179.4364312, "ok": true, "uptime": 10599.374215126038, "learn_calls": 3224, "infer_calls": 2484, "errors": 4, "neuron_count": 150000, "ann_loss": 0.3433274030685425, "cnn_loss": 9.981870354830143e-16, "snn_loss": 0.0009029147331602871, "lnn_loss": 9.306577996312862e-14, "ann_steps": 3224, "fno_loss": 0.0, "fno_steps": 2319, "fno_params": 34432, "hnn_active": true, "hnn_energy": 0.3844413459300995, "hnn_energy_deviation": 0.10163731873035431, "snn_spikes": 2313, "snn_rate_hz": 0.012783737853169441, "snn_sparsity": 0.9997049570083618, "stage2": {"active_engines": 0, "warm_start_complete": false, "inference_time_ms": 8427.9033203125, "attention_strength": 1.0, "fep_free_energy": 0.10163731873035431}, "training_active": true}