{"timestamp": 1778198859.9621391, "ok": true, "uptime": 99833.16324043274, "learn_calls": 8901, "infer_calls": 7493, "errors": 15, "neuron_count": 150000, "ann_loss": 403.92108154296875, "cnn_loss": 75.55057525634766, "snn_loss": 2340.054931640625, "lnn_loss": 69.41861724853516, "ann_steps": 8901, "snn_spikes": 5289614, "snn_rate_hz": 19.33465003967285, "snn_sparsity": 0.8808379769325256, "snn_silent": 1689863, "snn_populations": 65, "cortex": {"visual": {"loss": 0.05924488604068756, "ema_loss": 0.2918189764022827, "fwd": 6867, "bwd": 8934}, "audio": {"loss": 0.04792318865656853, "ema_loss": 0.018007390201091766, "fwd": 15768, "bwd": 8935}, "speech": {"loss": 0.05677614361047745, "ema_loss": 0.04662055894732475, "fwd": 10741, "bwd": 8911}, "somato": {"loss": 0.020344728603959084, "ema_loss": 0.16247250139713287, "fwd": 2186, "bwd": 8914}}, "immune": {"antigen_count": 0, "threats_neutralized": 0, "inflammation_level": 0.0, "antibody_count": 0, "t_cell_count": 0, "b_cell_count": 0, "memory_cell_count": 0, "bbb_threats_processed": 0, "cytokine_il1": 0.0, "cytokine_il6": 0.0, "cytokine_il10": 0.0, "cytokine_tnf": 0.0, "cytokine_ifn": 0.0, "cytokine_il4": 0.0}, "antigen_count": 0, "threats_neutralized": 0, "inflammation_level": 0.0, "antibody_count": 0, "t_cell_count": 0, "b_cell_count": 0, "memory_cell_count": 0, "bbb_threats_processed": 0, "cytokine_il1": 0.0, "cytokine_il6": 0.0, "cytokine_il10": 0.0, "cytokine_tnf": 0.0, "cytokine_ifn": 0.0, "cytokine_il4": 0.0, "current_step": 13750, "step_loss": 2.6694, "snn_step_spikes": 0, "snn_step_rate": 0.0, "current_stage": 1}