{"timestamp": 1775042930.5474658, "ok": true, "uptime": 44710.325825214386, "learn_calls": 4623, "infer_calls": 9574, "errors": 111, "neuron_count": 2500000, "ann_loss": 0.03701574727892876, "cnn_loss": 2.795609767677276e-23, "snn_loss": 0.0008993018418550491, "lnn_loss": 1.2292467419330293e-19, "ann_steps": 4623, "fno_loss": 0.0, "fno_steps": 4651, "fno_params": 34432, "hnn_active": true, "hnn_energy": 1.1637650728225708, "hnn_energy_deviation": 0.5295973420143127, "snn_spikes": 3194, "snn_rate_hz": 0.0, "snn_sparsity": 0.0, "current_step": 16500, "current_stage": 1, "training_active": true}