{"timestamp": 1776693478.3460095, "ok": true, "uptime": 299.9909429550171, "learn_calls": 41, "infer_calls": 0, "errors": 0, "neuron_count": 150000, "ann_loss": 13.927579879760742, "cnn_loss": 24.9282283782959, "snn_loss": 19.32628631591797, "lnn_loss": 11.542905807495117, "ann_steps": 41, "fno_loss": 0.0, "fno_steps": 2, "fno_params": 34432, "hnn_active": true, "hnn_energy": -1.8856393098831177, "hnn_energy_deviation": 2.450972557067871, "snn_spikes": 826550, "snn_rate_hz": 0.0, "snn_sparsity": 0.0, "stage2": {"active_engines": 0, "warm_start_complete": false, "attention_strength": 0.019749494269490242, "fep_free_energy": 2.450972557067871}, "training_active": false}