{"timestamp": 1775081152.4652612, "ok": true, "uptime": 82932.23669958115, "learn_calls": 8113, "infer_calls": 22326, "errors": 195, "neuron_count": 2500000, "ann_loss": 0.010372182354331017, "cnn_loss": 1.6342573275264963e-38, "snn_loss": 0.0009704113472253084, "lnn_loss": 7.185941033511241e-35, "ann_steps": 8113, "fno_loss": 0.0, "fno_steps": 8114, "fno_params": 34432, "hnn_active": true, "hnn_energy": 1.5920950174331665, "hnn_energy_deviation": 1.0925737619400024, "snn_spikes": 86784, "snn_rate_hz": 1130.0, "snn_sparsity": 0.66796875, "current_step": 20000, "current_stage": 1, "training_active": false}