{"timestamp": 1775043543.4667828, "ok": true, "uptime": 45323.238209724426, "learn_calls": 4687, "infer_calls": 9643, "errors": 113, "neuron_count": 2500000, "ann_loss": 0.03539199382066727, "cnn_loss": 1.4693637187286844e-23, "snn_loss": 0.0008657900616526604, "lnn_loss": 6.460882228687808e-20, "ann_steps": 4687, "fno_loss": 0.0, "fno_steps": 4716, "fno_params": 34432, "hnn_active": true, "hnn_energy": 1.1652776002883911, "hnn_energy_deviation": 0.5315853357315063, "snn_spikes": 84844, "snn_rate_hz": 1104.7396240234375, "snn_sparsity": 0.66796875, "current_step": 16600, "current_stage": 1, "training_active": true}