{"timestamp": 1778179899.9368107, "ok": true, "uptime": 80873.13780879974, "learn_calls": 7285, "infer_calls": 6148, "errors": 13, "neuron_count": 150000, "ann_loss": 403.48541259765625, "cnn_loss": 66.39733123779297, "snn_loss": 2356.721923828125, "lnn_loss": 70.87295532226562, "ann_steps": 7285, "snn_spikes": 3218388, "snn_rate_hz": 21.235177993774414, "snn_sparsity": 0.0, "snn_silent": 0, "snn_populations": 65, "cortex": {"visual": {"loss": 0.06527959555387497, "ema_loss": 0.30583372712135315, "fwd": 5625, "bwd": 7312}, "audio": {"loss": 0.04500722885131836, "ema_loss": 0.01608208380639553, "fwd": 12910, "bwd": 7313}, "speech": {"loss": 0.040253572165966034, "ema_loss": 0.046410489827394485, "fwd": 8825, "bwd": 7293}, "somato": {"loss": 0.02558249980211258, "ema_loss": 0.16535067558288574, "fwd": 1773, "bwd": 7296}}, "immune": {"antigen_count": 0, "threats_neutralized": 0, "inflammation_level": 0.0, "antibody_count": 0, "t_cell_count": 0, "b_cell_count": 0, "memory_cell_count": 0, "bbb_threats_processed": 0, "cytokine_il1": 0.0, "cytokine_il6": 0.0, "cytokine_il10": 0.0, "cytokine_tnf": 0.0, "cytokine_ifn": 0.0, "cytokine_il4": 0.0}, "antigen_count": 0, "threats_neutralized": 0, "inflammation_level": 0.0, "antibody_count": 0, "t_cell_count": 0, "b_cell_count": 0, "memory_cell_count": 0, "bbb_threats_processed": 0, "cytokine_il1": 0.0, "cytokine_il6": 0.0, "cytokine_il10": 0.0, "cytokine_tnf": 0.0, "cytokine_ifn": 0.0, "cytokine_il4": 0.0, "current_step": 12550, "step_loss": 2.6694, "snn_step_spikes": 0, "snn_step_rate": 0.0, "current_stage": 1}