{"timestamp": 1775045570.1681366, "ok": true, "uptime": 47349.939621925354, "learn_calls": 4899, "infer_calls": 9867, "errors": 117, "neuron_count": 2500000, "ann_loss": 0.03244275599718094, "cnn_loss": 1.7449831993151295e-24, "snn_loss": 0.0008033239282667637, "lnn_loss": 7.672807808593977e-21, "ann_steps": 4899, "fno_loss": 0.0, "fno_steps": 4934, "fno_params": 34432, "hnn_active": true, "hnn_energy": 1.1703497171401978, "hnn_energy_deviation": 0.5382518768310547, "snn_spikes": 85591, "snn_rate_hz": 1114.4661865234375, "snn_sparsity": 0.66796875, "current_step": 16800, "current_stage": 1, "training_active": true}