{"timestamp": 1775050296.4567919, "ok": true, "uptime": 52076.305307626724, "learn_calls": 5346, "infer_calls": 11345, "errors": 128, "neuron_count": 2500000, "ann_loss": 0.028034701943397522, "cnn_loss": 1.9531020425634198e-26, "snn_loss": 0.0009029824868775904, "lnn_loss": 8.587929195978752e-23, "ann_steps": 5346, "fno_loss": 0.0, "fno_steps": 5376, "fno_params": 34432, "hnn_active": true, "hnn_energy": 1.2186862230300903, "hnn_energy_deviation": 0.6017830967903137, "snn_spikes": 3094, "snn_rate_hz": 0.0, "snn_sparsity": 0.0, "current_step": 17250, "current_stage": 1, "training_active": true}