{"timestamp": 1777309518.884245, "ok": true, "uptime": 31167.09072446823, "learn_calls": 20690, "infer_calls": 12070, "errors": 244, "neuron_count": 150000, "ann_loss": 0.34890103340148926, "cnn_loss": 7.006492321624085e-44, "snn_loss": 0.0008371995645575225, "lnn_loss": 7.006492321624085e-44, "ann_steps": 20690, "fno_loss": 0.0, "fno_steps": 10874, "fno_params": 34432, "hnn_active": true, "hnn_energy": 0.7588990330696106, "hnn_energy_deviation": 0.46929895877838135, "snn_spikes": 1725, "snn_rate_hz": 0.01406912598758936, "snn_sparsity": 0.9994320869445801, "stage2": {"active_engines": 0, "warm_start_complete": false, "inference_time_ms": 4689.57177734375, "attention_strength": 1.0, "fep_free_energy": 0.46929895877838135}, "training_active": true}