{"timestamp": 1775044646.272052, "ok": true, "uptime": 46426.0496737957, "learn_calls": 4803, "infer_calls": 9760, "errors": 115, "neuron_count": 2500000, "ann_loss": 0.03329940512776375, "cnn_loss": 4.579438134573389e-24, "snn_loss": 0.000948611821513623, "lnn_loss": 2.0136088347533897e-20, "ann_steps": 4803, "fno_loss": 0.0, "fno_steps": 4831, "fno_params": 34432, "hnn_active": true, "hnn_energy": 1.1679847240447998, "hnn_energy_deviation": 0.5351434350013733, "snn_spikes": 84696, "snn_rate_hz": 1102.8125, "snn_sparsity": 0.66796875, "current_step": 16700, "current_stage": 1, "training_active": true}