{"timestamp": 1775457983.8529854, "ok": true, "uptime": 29553.430240154266, "learn_calls": 1893, "infer_calls": 0, "errors": 0, "neuron_count": 2500000, "ann_loss": 264.9615783691406, "cnn_loss": 0.22041535377502441, "snn_loss": 226.81678771972656, "lnn_loss": 873.2289428710938, "ann_steps": 1894, "fno_loss": 0, "fno_steps": 0, "fno_params": 0, "hnn_active": true, "hnn_energy": 0.8069567084312439, "hnn_energy_deviation": 0.04457581043243408, "snn_spikes": 4048, "snn_rate_hz": 0.0, "snn_sparsity": 0.0, "current_step": 18550, "current_stage": 2, "stage2": {"active_engines": 0, "warm_start_complete": false, "fep_free_energy": 0.04475504532456398}, "training_active": false}