{"timestamp": 1775028334.0666485, "ok": true, "uptime": 30113.837880373, "learn_calls": 3155, "infer_calls": 5612, "errors": 76, "neuron_count": 2500000, "ann_loss": 0.055831924080848694, "cnn_loss": 7.145050473612594e-17, "snn_loss": 0.0008947431924752891, "lnn_loss": 3.141718656063386e-13, "ann_steps": 3155, "fno_loss": 0.0, "fno_steps": 3201, "fno_params": 34432, "hnn_active": true, "hnn_energy": 1.0412131547927856, "hnn_energy_deviation": 0.36852094531059265, "snn_spikes": 3322, "snn_rate_hz": 0.0, "snn_sparsity": 0.0, "current_step": 15050, "current_stage": 1, "training_active": true}