{"timestamp": 1777982518.5243773, "ok": true, "uptime": 9456.786435127258, "learn_calls": 2249, "infer_calls": 606, "errors": 19, "neuron_count": 150000, "ann_loss": 961.2924194335938, "cnn_loss": 0.01567249186336994, "snn_loss": 2456.613525390625, "lnn_loss": 29.004669189453125, "ann_steps": 2007, "snn_spikes": 37687317, "snn_rate_hz": 13.85501480102539, "snn_sparsity": 0.0, "snn_silent": 0, "snn_populations": 68, "cortex": {"visual": {"loss": 0.029138892889022827, "ema_loss": 0.15608245134353638, "fwd": 681, "bwd": 2112}, "audio": {"loss": 0.022828901186585426, "ema_loss": 0.021362191066145897, "fwd": 2688, "bwd": 2113}, "speech": {"loss": 0.024343449622392654, "ema_loss": 0.04295048862695694, "fwd": 2302, "bwd": 2109}, "somato": {"loss": 0.007699493318796158, "ema_loss": 0.08025460690259933, "fwd": 334, "bwd": 2106}}, "immune": {"antigen_count": 0, "threats_neutralized": 0, "inflammation_level": 0.0, "antibody_count": 0, "t_cell_count": 0, "b_cell_count": 0, "memory_cell_count": 0, "bbb_threats_processed": 0, "cytokine_il1": 0.0, "cytokine_il6": 0.0, "cytokine_il10": 0.0, "cytokine_tnf": 0.0, "cytokine_ifn": 0.0, "cytokine_il4": 0.0}, "antigen_count": 0, "threats_neutralized": 0, "inflammation_level": 0.0, "antibody_count": 0, "t_cell_count": 0, "b_cell_count": 0, "memory_cell_count": 0, "bbb_threats_processed": 0, "cytokine_il1": 0.0, "cytokine_il6": 0.0, "cytokine_il10": 0.0, "cytokine_tnf": 0.0, "cytokine_ifn": 0.0, "cytokine_il4": 0.0, "current_step": 47266, "step_loss": 2.6694, "snn_step_spikes": 0, "snn_step_rate": 0.0, "current_stage": 2}