{"timestamp": 1775039622.3047607, "ok": true, "uptime": 41402.086262226105, "learn_calls": 4321, "infer_calls": 8341, "errors": 104, "neuron_count": 2500000, "ann_loss": 0.03900862857699394, "cnn_loss": 5.816295435566039e-22, "snn_loss": 0.001003366312943399, "lnn_loss": 2.5574617150501187e-18, "ann_steps": 4321, "fno_loss": 0.0, "fno_steps": 4351, "fno_params": 34432, "hnn_active": true, "hnn_energy": 1.1228272914886475, "hnn_energy_deviation": 0.47579067945480347, "snn_spikes": 1381, "snn_rate_hz": 0.0, "snn_sparsity": 0.0, "current_step": 16200, "current_stage": 1, "training_active": true}