{"timestamp": 1775049623.1310415, "ok": true, "uptime": 51402.90286421776, "learn_calls": 5272, "infer_calls": 11272, "errors": 127, "neuron_count": 2500000, "ann_loss": 0.028916195034980774, "cnn_loss": 4.108848584982518e-26, "snn_loss": 0.0009216444450430572, "lnn_loss": 1.8066897610332534e-22, "ann_steps": 5272, "fno_loss": 0.0, "fno_steps": 5303, "fno_params": 34432, "hnn_active": true, "hnn_energy": 1.2172757387161255, "hnn_energy_deviation": 0.5999292135238647, "snn_spikes": 85302, "snn_rate_hz": 1110.703125, "snn_sparsity": 0.66796875, "current_step": 17150, "current_stage": 1, "training_active": true}