{"timestamp": 1777222774.9349701, "ok": true, "uptime": 6368.603795289993, "learn_calls": 1249, "infer_calls": 941, "errors": 19, "neuron_count": 150000, "ann_loss": 0.32895588874816895, "cnn_loss": 4.7028407834659447e-07, "snn_loss": 0.000918661942705512, "lnn_loss": 4.0215731132775545e-05, "ann_steps": 1249, "fno_loss": 0.0, "fno_steps": 918, "fno_params": 34432, "hnn_active": true, "hnn_energy": 0.37425121665000916, "hnn_energy_deviation": 0.021284881979227066, "snn_spikes": 2823, "snn_rate_hz": 0.014770389534533024, "snn_sparsity": 0.9994320869445801, "stage2": {"active_engines": 0, "warm_start_complete": false, "inference_time_ms": 8222.904296875, "attention_strength": 1.0, "fep_free_energy": 0.021284881979227066}, "training_active": true}