{"timestamp": 1775050602.3254807, "ok": true, "uptime": 52382.09682250023, "learn_calls": 5377, "infer_calls": 11379, "errors": 129, "neuron_count": 2500000, "ann_loss": 0.027687545865774155, "cnn_loss": 1.430263985733586e-26, "snn_loss": 0.0008184202015399933, "lnn_loss": 6.288970792554882e-23, "ann_steps": 5377, "fno_loss": 0.0, "fno_steps": 5407, "fno_params": 34432, "hnn_active": true, "hnn_energy": 1.2194554805755615, "hnn_energy_deviation": 0.6027941703796387, "snn_spikes": 3099, "snn_rate_hz": 0.0, "snn_sparsity": 0.0, "current_step": 17300, "current_stage": 1, "training_active": true}