{"timestamp": 1775296657.5848653, "ok": true, "uptime": 29690.097066879272, "learn_calls": 2264, "infer_calls": 5, "errors": 0, "neuron_count": 2500000, "ann_loss": 0.08685905486345291, "cnn_loss": 2.513714496971131e-12, "snn_loss": 0.17010758817195892, "lnn_loss": 1.7544987684914304e-09, "ann_steps": 2264, "fno_loss": 0, "fno_steps": 0, "fno_params": 0, "hnn_active": true, "hnn_energy": 1.0712332725524902, "hnn_energy_deviation": 0.011055929586291313, "snn_spikes": 0, "snn_rate_hz": 0.0, "snn_sparsity": 0.0, "current_step": 14000, "current_stage": 2, "stage2": {"active_engines": 74, "fep_free_energy": 0.011055929586291313}, "training_active": false}