{"timestamp": 1775047042.758058, "ok": true, "uptime": 48822.530007600784, "learn_calls": 5055, "infer_calls": 10021, "errors": 120, "neuron_count": 2500000, "ann_loss": 0.0318414531648159, "cnn_loss": 3.6381633860068888e-25, "snn_loss": 0.0008472736808471382, "lnn_loss": 1.599724794541095e-21, "ann_steps": 5055, "fno_loss": 0.0, "fno_steps": 5086, "fno_params": 34432, "hnn_active": true, "hnn_energy": 1.1738128662109375, "hnn_energy_deviation": 0.5428037047386169, "snn_spikes": 1269, "snn_rate_hz": 0.0, "snn_sparsity": 0.0, "current_step": 16950, "current_stage": 1, "training_active": true}