{"timestamp": 1775049990.8407984, "ok": true, "uptime": 51770.61219763756, "learn_calls": 5315, "infer_calls": 11315, "errors": 127, "neuron_count": 2500000, "ann_loss": 0.028450895100831985, "cnn_loss": 2.667065997437541e-26, "snn_loss": 0.000817520369309932, "lnn_loss": 1.1727279423307566e-22, "ann_steps": 5315, "fno_loss": 0.0, "fno_steps": 5346, "fno_params": 34432, "hnn_active": true, "hnn_energy": 1.2179909944534302, "hnn_energy_deviation": 0.6008692979812622, "snn_spikes": 1253, "snn_rate_hz": 0.0, "snn_sparsity": 0.0, "current_step": 17200, "current_stage": 1, "training_active": true}