{"timestamp": 1778180619.9377284, "ok": true, "uptime": 81593.13876795769, "learn_calls": 7354, "infer_calls": 6196, "errors": 13, "neuron_count": 150000, "ann_loss": 404.1859436035156, "cnn_loss": 78.29248046875, "snn_loss": 2327.206787109375, "lnn_loss": 71.45172882080078, "ann_steps": 7354, "snn_spikes": 2385192, "snn_rate_hz": 21.435810089111328, "snn_sparsity": 0.0, "snn_silent": 0, "snn_populations": 65, "cortex": {"visual": {"loss": 0.06527959555387497, "ema_loss": 0.30583372712135315, "fwd": 5669, "bwd": 7381}, "audio": {"loss": 0.04500722885131836, "ema_loss": 0.01608208380639553, "fwd": 13023, "bwd": 7382}, "speech": {"loss": 0.040253572165966034, "ema_loss": 0.046410489827394485, "fwd": 8912, "bwd": 7362}, "somato": {"loss": 0.02558249980211258, "ema_loss": 0.16535067558288574, "fwd": 1788, "bwd": 7365}}, "immune": {"antigen_count": 0, "threats_neutralized": 0, "inflammation_level": 0.0, "antibody_count": 0, "t_cell_count": 0, "b_cell_count": 0, "memory_cell_count": 0, "bbb_threats_processed": 0, "cytokine_il1": 0.0, "cytokine_il6": 0.0, "cytokine_il10": 0.0, "cytokine_tnf": 0.0, "cytokine_ifn": 0.0, "cytokine_il4": 0.0}, "antigen_count": 0, "threats_neutralized": 0, "inflammation_level": 0.0, "antibody_count": 0, "t_cell_count": 0, "b_cell_count": 0, "memory_cell_count": 0, "bbb_threats_processed": 0, "cytokine_il1": 0.0, "cytokine_il6": 0.0, "cytokine_il10": 0.0, "cytokine_tnf": 0.0, "cytokine_ifn": 0.0, "cytokine_il4": 0.0, "current_step": 12600, "step_loss": 2.6694, "snn_step_spikes": 0, "snn_step_rate": 0.0, "current_stage": 1}