{"timestamp": 1775045814.8562906, "ok": true, "uptime": 47594.62754869461, "learn_calls": 4923, "infer_calls": 9888, "errors": 118, "neuron_count": 2500000, "ann_loss": 0.03241391479969025, "cnn_loss": 1.3709955840253604e-24, "snn_loss": 0.0008837966597639024, "lnn_loss": 6.028359422244703e-21, "ann_steps": 4923, "fno_loss": 0.0, "fno_steps": 4955, "fno_params": 34432, "hnn_active": true, "hnn_energy": 1.1708422899246216, "hnn_energy_deviation": 0.538899302482605, "snn_spikes": 85675, "snn_rate_hz": 1115.5599365234375, "snn_sparsity": 0.66796875, "current_step": 16850, "current_stage": 1, "training_active": true}