{"timestamp": 1775039316.2623813, "ok": true, "uptime": 41096.033343315125, "learn_calls": 4291, "infer_calls": 8307, "errors": 103, "neuron_count": 2500000, "ann_loss": 0.03959159925580025, "cnn_loss": 7.863039356590391e-22, "snn_loss": 0.001050481921993196, "lnn_loss": 3.4574280176532187e-18, "ann_steps": 4291, "fno_loss": 0.0, "fno_steps": 4317, "fno_params": 34432, "hnn_active": true, "hnn_energy": 1.1218292713165283, "hnn_energy_deviation": 0.47447893023490906, "snn_spikes": 3262, "snn_rate_hz": 0.0, "snn_sparsity": 0.0, "current_step": 16200, "current_stage": 1, "training_active": true}