{"timestamp": 1775037940.2001565, "ok": true, "uptime": 39719.971006155014, "learn_calls": 4147, "infer_calls": 8160, "errors": 100, "neuron_count": 2500000, "ann_loss": 0.04176168516278267, "cnn_loss": 3.3428894927648473e-21, "snn_loss": 0.0009033262031152844, "lnn_loss": 1.4698890297226445e-17, "ann_steps": 4147, "fno_loss": 0.0, "fno_steps": 4176, "fno_params": 34432, "hnn_active": true, "hnn_energy": 1.118539810180664, "hnn_energy_deviation": 0.47015541791915894, "snn_spikes": 1326, "snn_rate_hz": 0.0, "snn_sparsity": 0.0, "current_step": 16050, "current_stage": 1, "training_active": true}