{"timestamp": 1774594726.4096336, "ok": true, "uptime": 24763.913202524185, "learn_calls": 4728, "infer_calls": 1881, "errors": 4, "neuron_count": 2500000, "ann_loss": 0.8609104752540588, "cnn_loss": 0.048317909240722656, "snn_loss": 0.016627613455057144, "lnn_loss": 1.108450174331665, "ann_steps": 4728, "snn_spikes": 0, "snn_rate_hz": 0.0, "snn_sparsity": 1.0, "snn_silent": 768, "snn_populations": 3, "cortex": {"visual": {"loss": 0.31059616804122925, "ema_loss": 0.31059616804122925, "fwd": 160, "bwd": 1}, "audio": {"loss": 0.0, "ema_loss": 0.0, "fwd": 80, "bwd": 0}, "speech": {"loss": 0.01022657472640276, "ema_loss": 0.019605742767453194, "fwd": 5097, "bwd": 3899}, "somato": {"loss": 0.7722814679145813, "ema_loss": 1.1705137491226196, "fwd": 20, "bwd": 4}}, "current_step": 6300, "step_loss": 0.1828}