{"timestamp": 1775298175.9065535, "ok": true, "uptime": 31208.418149232864, "learn_calls": 2406, "infer_calls": 5, "errors": 0, "neuron_count": 2500000, "ann_loss": 48.64155578613281, "cnn_loss": 6.032734533277517e-13, "snn_loss": 186.60491943359375, "lnn_loss": 4.2106709785549867e-10, "ann_steps": 2406, "fno_loss": 0, "fno_steps": 0, "fno_params": 0, "hnn_active": true, "hnn_energy": 1.0712332725524902, "hnn_energy_deviation": 0.011055929586291313, "snn_spikes": 0, "snn_rate_hz": 0.0, "snn_sparsity": 0.0, "current_step": 14000, "current_stage": 2, "stage2": {"active_engines": 74, "fep_free_energy": 0.011055929586291313}, "training_active": false}