{"timestamp": 1778180499.9375696, "ok": true, "uptime": 81473.13857507706, "learn_calls": 7341, "infer_calls": 6188, "errors": 13, "neuron_count": 150000, "ann_loss": 401.6136474609375, "cnn_loss": 67.08882141113281, "snn_loss": 2350.7861328125, "lnn_loss": 66.24649810791016, "ann_steps": 7341, "snn_spikes": 4100370, "snn_rate_hz": 21.37310028076172, "snn_sparsity": 0.7283567190170288, "snn_silent": 1397332, "snn_populations": 65, "cortex": {"visual": {"loss": 0.06527959555387497, "ema_loss": 0.30583372712135315, "fwd": 5663, "bwd": 7368}, "audio": {"loss": 0.04500722885131836, "ema_loss": 0.01608208380639553, "fwd": 13004, "bwd": 7369}, "speech": {"loss": 0.040253572165966034, "ema_loss": 0.046410489827394485, "fwd": 8897, "bwd": 7349}, "somato": {"loss": 0.02558249980211258, "ema_loss": 0.16535067558288574, "fwd": 1788, "bwd": 7352}}, "immune": {"antigen_count": 0, "threats_neutralized": 0, "inflammation_level": 0.0, "antibody_count": 0, "t_cell_count": 0, "b_cell_count": 0, "memory_cell_count": 0, "bbb_threats_processed": 0, "cytokine_il1": 0.0, "cytokine_il6": 0.0, "cytokine_il10": 0.0, "cytokine_tnf": 0.0, "cytokine_ifn": 0.0, "cytokine_il4": 0.0}, "antigen_count": 0, "threats_neutralized": 0, "inflammation_level": 0.0, "antibody_count": 0, "t_cell_count": 0, "b_cell_count": 0, "memory_cell_count": 0, "bbb_threats_processed": 0, "cytokine_il1": 0.0, "cytokine_il6": 0.0, "cytokine_il10": 0.0, "cytokine_tnf": 0.0, "cytokine_ifn": 0.0, "cytokine_il4": 0.0, "current_step": 12550, "step_loss": 2.6694, "snn_step_spikes": 0, "snn_step_rate": 0.0, "current_stage": 1}